mcf,1
mcf,2
omnetpp,1
omnetpp,2
soplex,1
soplex,2
xalancbmk,1
xalancbmk,2
bwaves,4
GemsFDTD,4
leslie3d,4
libquantum,2
libquantum,4
soplex,4
lbm,4
mcf,1
mcf,1
mcf,1
mcf,2
omnetpp,1
omnetpp,2
soplex,1
soplex,2
xalancbmk,1
xalancbmk,2
bwaves,4
GemsFDTD,4
leslie3d,4
libquantum,2
libquantum,4
soplex,4
lbm,4
mcf,2
omnetpp,1
omnetpp,2
soplex,1
soplex,2
xalancbmk,1
xalancbmk,2
bwaves,4
GemsFDTD,4
leslie3d,4
libquantum,2
libquantum,4
soplex,4
lbm,4
mcf,2
omnetpp,1
omnetpp,2
soplex,1
soplex,2
xalancbmk,1
xalancbmk,2
bwaves,4
GemsFDTD,4
leslie3d,4
libquantum,2
libquantum,4
soplex,4
lbm,4
libquantum,2
libquantum,4
soplex,4
lbm,4
